Player,Pos,Team,G,REC,YDS,YDSG,AVG,LNG,20+,40+,TD
Julio Jones,WR,ATL,16,136,1871,116.9,13.8,70,25,5,8
Antonio Brown,WR,PIT,16,136,1834,114.6,13.5,59,25,8,10
DeAndre Hopkins,WR,HOU,16,111,1521,95.1,13.7,61,19,3,11
Brandon Marshall,WR,NYJ,16,109,1502,93.9,13.8,69,19,5,14
Odell Beckham,WR,NYG,15,96,1450,96.7,15.1,87,19,8,13
Allen Robinson,WR,JAC,16,80,1400,87.5,17.5,90,31,6,14
Demaryius Thomas,WR,DEN,16,105,1304,81.5,12.4,72,14,4,6
A.J. Green,WR,CIN,16,86,1297,81.1,15.1,80,19,5,10
Larry Fitzgerald,WR,ARI,16,109,1215,75.9,11.1,44,17,1,9
Calvin Johnson,WR,DET,16,88,1214,75.9,13.8,57,16,3,9
Mike Evans,WR,TB,15,74,1206,80.4,16.3,68,21,2,3
Rob Gronkowski,TE,NE,15,72,1176,78.4,16.3,76,22,5,11
Jarvis Landry,WR,MIA,16,110,1157,72.3,10.5,50,10,3,4
Brandin Cooks,WR,NO,16,84,1138,71.1,13.5,71,18,5,9
Emmanuel Sanders,WR,DEN,15,76,1135,75.7,14.9,75,12,6,6
T.Y. Hilton,WR,IND,16,69,1124,70.2,16.3,87,17,6,5
Greg Olsen,TE,CAR,16,77,1104,69,14.3,52,20,1,7
Jeremy Maclin,WR,KC,15,87,1088,72.5,12.5,61,14,3,8
Delanie Walker,TE,TEN,15,94,1088,72.5,11.6,61,13,2,6
Amari Cooper,WR,OAK,16,72,1070,66.9,14.9,68,16,6,6
Doug Baldwin,WR,SEA,16,78,1069,66.8,13.7,80,16,3,14
Sammy Watkins,WR,BUF,13,60,1047,80.5,17.5,63,18,7,9
Gary Barnidge,TE,CLE,16,79,1043,65.2,13.2,40,16,1,9
Allen Hurns,WR,JAC,15,64,1031,68.7,16.1,80,19,3,10
Eric Decker,WR,NYJ,15,80,1027,68.5,12.8,35,16,0,12
John Brown,WR,ARI,15,65,1003,66.9,15.4,68,11,6,7
Jordan Matthews,WR,PHI,16,85,997,62.3,11.7,78,14,3,8
Willie Snead,WR,NO,15,69,984,65.6,14.3,63,15,3,3
Travis Benjamin,WR,CLE,16,68,966,60.4,14.2,61,12,6,5
Jordan Reed,TE,WAS,14,87,952,68,10.9,32,14,0,11
Kamar Aiken,WR,BAL,16,75,944,59,12.6,48,11,2,5
Michael Crabtree,WR,OAK,16,85,922,57.6,10.8,38,15,0,9
James Jones,WR,GB,16,50,890,55.6,17.8,65,18,2,8
Travis Kelce,TE,KC,16,72,875,54.7,12.2,42,10,1,5
Zach Ertz,TE,PHI,15,75,853,56.9,11.4,60,11,2,2
Michael Floyd,WR,ARI,15,52,849,56.6,16.3,60,13,3,6
Terrance Williams,WR,DAL,16,52,840,52.5,16.2,42,13,1,3
Randall Cobb,WR,GB,16,79,829,51.8,10.5,53,11,1,6
Benjamin Watson,TE,NO,16,74,825,51.6,11.1,46,13,1,6
Marvin Jones,WR,CIN,16,65,816,51,12.6,47,13,4,4
Golden Tate,WR,DET,16,90,813,50.8,9,43,7,1,6
Alshon Jeffery,WR,CHI,9,54,807,89.7,14.9,50,14,3,4
Rueben Randle,WR,NYG,16,57,797,49.8,14,72,13,5,8
Anquan Boldin,WR,SF,14,69,789,56.4,11.4,51,10,1,4
Pierre Garcon,WR,WAS,16,72,777,48.6,10.8,39,7,0,6
Martavis Bryant,WR,PIT,11,50,765,69.5,15.3,88,10,5,6
Danny Woodhead,RB,SD,16,80,755,47.2,9.4,61,7,1,6
Markus Wheaton,WR,PIT,16,44,749,46.8,17,72,9,5,5
Ted Ginn,WR,CAR,15,44,739,49.3,16.8,74,10,5,10
Donte Moncrief,WR,IND,16,64,733,45.8,11.5,33,9,0,6
Keenan Allen,WR,SD,8,67,725,90.6,10.8,38,8,0,4
Stefon Diggs,WR,MIN,13,52,720,55.4,13.8,40,13,1,4
Jason Witten,TE,DAL,16,77,713,44.6,9.3,35,4,0,3
Theo Riddick,RB,DET,16,80,697,43.6,8.7,34,7,0,3
Julian Edelman,WR,NE,9,61,692,76.9,11.3,59,8,1,7
Jermaine Kearse,WR,SEA,16,49,685,42.8,14,50,13,1,5
Kenny Britt,WR,STL,16,36,681,42.6,18.9,60,11,5,3
Steve Smith,WR,BAL,7,46,670,95.7,14.6,50,13,2,3
Tyler Lockett,WR,SEA,16,51,664,41.5,13,49,9,2,6
Torrey Smith,WR,SF,16,33,663,41.4,20.1,76,8,5,4
Rishard Matthews,WR,MIA,11,43,662,60.2,15.4,53,10,4,4
Nate Washington,WR,HOU,14,47,658,47,14,49,9,3,4
Jacob Tamme,TE,ATL,15,59,657,43.8,11.1,41,7,1,1
Danny Amendola,WR,NE,14,65,648,46.3,10,41,5,1,3
Antonio Gates,TE,SD,11,56,630,57.3,11.3,40,5,1,5
Tyler Eifert,TE,CIN,13,52,615,47.3,11.8,31,8,0,13
Jimmy Graham,TE,SEA,11,48,605,55,12.6,45,11,1,2
Jamison Crowder,WR,WAS,16,59,604,37.8,10.2,44,7,1,2
Devonta Freeman,RB,ATL,15,73,578,38.5,7.9,44,3,1,3
Malcom Floyd,WR,SD,15,30,561,37.4,18.7,70,10,4,3
Charles Sims,RB,TB,16,51,561,35.1,11,56,3,2,4
Robert Woods,WR,BUF,14,47,552,39.4,11.7,37,5,0,3
Dorial Green-Beckham,WR,TEN,16,32,549,34.3,17.2,47,10,1,4
Vincent Jackson,WR,TB,10,33,543,54.3,16.5,36,13,0,3
Eric Ebron,TE,DET,14,47,537,38.4,11.4,55,5,2,5
Cole Beasley,WR,DAL,16,52,536,33.5,10.3,30,7,0,5
Heath Miller,TE,PIT,15,60,535,35.7,8.9,27,5,0,2
Duke Johnson,RB,CLE,16,61,534,33.4,8.8,52,8,1,2
Charles Clay,TE,BUF,13,51,528,40.6,10.4,40,9,1,3
DeSean Jackson,WR,WAS,9,30,528,58.7,17.6,77,10,4,4
Brian Hartline,WR,CLE,12,46,523,43.6,11.4,41,4,1,2
Marques Colston,WR,NO,13,45,520,40,11.6,53,6,1,4
Owen Daniels,TE,DEN,16,46,517,32.3,11.2,37,6,0,3
Brandon LaFell,WR,NE,11,37,515,46.8,13.9,54,7,2,0
Richard Rodgers,TE,GB,16,58,510,31.9,8.8,61,6,1,8
Roddy White,WR,ATL,16,43,506,31.6,11.8,25,6,0,1
Andre Johnson,WR,IND,16,41,503,31.4,12.3,35,7,0,4
Steve Johnson,WR,SD,10,45,497,49.7,11,34,7,0,3
Kyle Rudolph,TE,MIN,16,49,495,30.9,10.1,47,4,1,5
Shane Vereen,RB,NYG,16,59,495,30.9,8.4,37,3,0,4
DeVante Parker,WR,MIA,14,26,494,35.3,19,49,9,2,3
Coby Fleener,TE,IND,16,54,491,30.7,9.1,57,4,1,3
Dontrelle Inman,WR,SD,14,35,486,34.7,13.9,68,6,1,3
Jerricho Cotchery,WR,CAR,14,39,485,34.6,12.4,59,6,1,3
Cecil Shorts,WR,HOU,11,42,484,44,11.5,42,5,1,2
Davante Adams,WR,GB,13,50,483,37.2,9.7,40,6,1,1
Jared Cook,TE,STL,16,39,481,30.1,12.3,49,7,1,0
Seth Roberts,WR,OAK,16,32,480,30,15,43,7,1,5
Tavon Austin,WR,STL,16,52,473,29.6,9.1,66,5,2,5
Devin Funchess,WR,CAR,16,31,473,29.6,15.3,52,5,2,5
Mike Wallace,WR,MIN,16,39,473,29.6,12.1,34,6,0,2
Giovani Bernard,RB,CIN,16,49,472,29.5,9.6,45,7,2,0
Will Tye,TE,NYG,13,42,464,35.7,11,45,5,1,3
Marquess Wilson,WR,CHI,11,28,464,42.2,16.6,50,8,3,1
David Johnson,RB,ARI,16,36,457,28.6,12.7,55,6,2,4
Julius Thomas,TE,JAC,12,46,455,37.9,9.9,34,5,0,5
Brandon Coleman,WR,NO,16,30,454,28.4,15.1,31,11,0,2
Albert Wilson,WR,KC,14,35,451,32.2,12.9,44,6,3,2
Chris Hogan,WR,BUF,16,36,450,28.1,12.5,46,6,2,2
Corey Brown,WR,CAR,14,31,447,31.9,14.4,39,9,0,4
Jarius Wright,WR,MIN,16,34,442,27.6,13,52,4,1,0
Kenny Stills,WR,MIA,16,27,440,27.5,16.3,47,10,3,3
Martellus Bennett,TE,CHI,11,53,439,39.9,8.3,24,5,0,3
Zach Miller,TE,CHI,15,34,439,29.3,12.9,87,7,1,5
Ladarius Green,TE,SD,13,37,429,33,11.6,31,5,0,4
Crockett Gillmore,TE,BAL,10,33,412,41.2,12.5,46,5,1,4
Harry Douglas,WR,TEN,14,36,411,29.4,11.4,51,4,1,2
James White,RB,NE,14,40,410,29.3,10.3,68,6,1,4
Kendall Wright,WR,TEN,10,36,408,40.8,11.3,52,4,1,3
Mark Ingram,RB,NO,12,50,405,33.8,8.1,59,3,1,0
Dez Bryant,WR,DAL,9,31,401,44.6,12.9,51,3,2,3
Brent Celek,TE,PHI,16,27,398,24.9,14.7,60,6,2,3
Lamar Miller,RB,MIA,16,47,397,24.8,8.4,54,6,1,2
Dwayne Harris,WR,NYG,15,36,396,26.4,11,38,5,0,4
Quinton Patton,WR,SF,16,30,394,24.6,13.1,41,7,2,1
Mohamed Sanu,WR,CIN,16,33,394,24.6,11.9,52,8,1,0
James Starks,RB,GB,16,43,392,24.5,9.1,30,4,0,3
Matt Forte,RB,CHI,13,44,389,29.9,8.8,38,4,0,3
Dion Lewis,RB,NE,7,36,388,55.4,10.8,40,1,1,2
Bilal Powell,RB,NYJ,11,47,388,35.3,8.3,25,3,0,2
Darren Sproles,RB,PHI,16,55,388,24.2,7.1,35,2,0,1
Jordan Cameron,TE,MIA,16,35,386,24.1,11,29,4,0,3
Bryan Walters,WR,JAC,11,32,368,33.5,11.5,31,6,0,1
DeAngelo Williams,RB,PIT,16,40,367,22.9,9.2,34,4,0,0
Jeremy Butler,WR,BAL,8,31,363,45.4,11.7,41,5,1,0
Javorius Allen,RB,BAL,16,45,353,22.1,7.8,41,1,1,2
Chris Givens,WR,BAL,12,19,346,28.8,18.2,48,7,1,1
Austin Seferian-Jenkins,TE,TB,7,21,338,48.3,16.1,43,7,2,4
Lance Moore,WR,DET,14,29,337,24.1,11.6,42,7,1,4
Clive Walford,TE,OAK,16,28,329,20.6,11.8,33,5,0,3
Darren McFadden,RB,DAL,16,40,328,20.5,8.2,21,1,0,0
Riley Cooper,WR,PHI,16,21,327,20.4,15.6,62,4,2,2
Vance McDonald,TE,SF,14,30,326,23.3,10.9,36,5,0,3
DeMarco Murray,RB,PHI,15,44,322,21.5,7.3,44,3,1,1
Kyle Juszczyk,FB,BAL,16,41,321,20.1,7.8,39,3,0,4
Quincy Enunwa,WR,NYJ,12,22,315,26.2,14.3,48,6,1,0
Darrius Heyward-Bey,WR,PIT,16,21,314,19.6,15,66,5,3,2
Josh Huff,WR,PHI,15,27,312,20.8,11.6,41,3,1,3
Darren Fells,TE,ARI,14,21,311,22.2,14.8,48,4,1,3
Matt Jones,RB,WAS,13,19,304,23.4,16,78,4,2,1
Marc Mariani,WR,CHI,16,22,300,18.8,13.6,26,6,0,0
J.J. Nelson,WR,ARI,11,11,299,27.2,27.2,64,7,1,2
Rashad Jennings,RB,NYG,16,29,296,18.5,10.2,51,3,2,1
LeSean McCoy,RB,BUF,12,32,292,24.3,9.1,22,3,0,2
Anthony Fasano,TE,TEN,16,26,289,18.1,11.1,33,3,0,2
Cameron Brate,TE,TB,14,23,288,20.6,12.5,46,5,1,3
Joique Bell,RB,DET,13,22,286,22,13,39,3,0,0
Nelson Agholor,WR,PHI,13,23,283,21.8,12.3,53,3,2,1
Mychal Rivera,TE,OAK,16,32,280,17.5,8.8,29,2,0,1
Jeremy Langford,RB,CHI,16,22,279,17.4,12.7,83,3,1,1
T.J. Yeldon,RB,JAC,12,36,279,23.2,7.8,67,3,1,1
Andrew Hawkins,WR,CLE,8,27,276,34.5,10.2,25,2,0,0
Doug Martin,RB,TB,16,33,271,16.9,8.2,25,2,0,1
Keshawn Martin,WR,NE,9,24,269,29.9,11.2,39,2,0,2
Marcel Reece,FB,OAK,15,30,269,17.9,9,55,2,1,3
Ryan Grant,WR,WAS,16,23,268,16.8,11.7,35,3,0,2
Maxx Williams,TE,BAL,14,32,268,19.1,8.4,28,2,0,1
Frank Gore,RB,IND,16,34,267,16.7,7.9,34,2,0,1
Justin Hunter,WR,TEN,9,22,264,29.3,12,29,4,0,1
Adam Humphries,WR,TB,13,27,260,20,9.6,27,1,0,1
Dexter McCluster,RB,TEN,11,31,260,23.6,8.4,35,3,0,1
Scott Chandler,TE,NE,15,23,259,17.3,11.3,30,4,0,4
Brice Butler,WR,DAL,7,12,258,36.9,21.5,67,6,1,0
Fred Jackson,RB,SEA,16,32,257,16.1,8,26,1,0,2
Ryan Griffin,TE,HOU,9,20,251,27.9,12.6,37,4,0,2
Benny Cunningham,RB,STL,16,26,250,15.6,9.6,42,2,1,0
Lance Kendricks,TE,STL,15,25,245,16.3,9.8,37,3,0,2
Taylor Gabriel,WR,CLE,13,28,241,18.5,8.6,56,2,1,0
Chris Thompson,RB,WAS,13,35,240,18.5,6.9,23,1,0,2
C.J. Spiller,RB,NO,13,34,239,18.4,7,80,1,1,2
Eddie Royal,WR,CHI,9,37,238,26.4,6.4,30,2,0,1
Latavius Murray,RB,OAK,16,41,232,14.5,5.7,23,1,0,0
Arian Foster,RB,HOU,4,22,227,56.8,10.3,32,3,0,2
Marcedes Lewis,TE,JAC,16,16,226,14.1,14.1,45,4,1,0
Phillip Dorsett,WR,IND,11,18,225,20.5,12.5,35,4,0,1
Miles Austin,WR,PHI,11,13,224,20.4,17.2,39,4,0,1
Josh Bellamy,WR,CHI,16,19,224,14,11.8,48,3,1,2
Larry Donnell,TE,NYG,8,29,223,27.9,7.7,22,2,0,2
Jermaine Gresham,TE,ARI,15,18,223,14.9,12.4,22,3,0,1
Adrian Peterson,RB,MIN,16,30,222,13.9,7.4,49,1,1,0
Percy Harvin,WR,BUF,5,19,218,43.6,11.5,51,3,1,1
Chris Ivory,RB,NYJ,15,30,217,14.5,7.2,36,3,0,1
Lance Dunbar,RB,DAL,4,21,215,53.8,10.2,39,3,0,0
Charcandrick West,RB,KC,15,20,214,14.3,10.7,80,2,2,1
Luke Willson,TE,SEA,14,17,213,15.2,12.5,24,3,0,1
Greg Jennings,WR,MIA,16,19,208,13,10.9,31,3,0,1
Jordan Norwood,WR,DEN,11,22,207,18.8,9.4,34,1,0,0
Griff Whalen,WR,IND,14,19,205,14.6,10.8,38,1,0,1
Bennie Fowler,WR,DEN,16,16,203,12.7,12.7,41,1,1,0
Vernon Davis,TE,DEN,9,20,201,22.3,10.1,23,1,0,0
Andre Holmes,WR,OAK,16,14,201,12.6,14.4,49,4,1,4
Chris Conley,WR,KC,16,17,199,12.4,11.7,44,2,1,1
Louis Murphy,WR,TB,6,10,198,33,19.8,54,4,1,0
Javontee Herndon,WR,SD,8,24,195,24.4,8.1,21,1,0,0
Justin Hardy,WR,ATL,9,21,194,21.6,9.2,23,2,0,0
Melvin Gordon,RB,SD,14,33,192,13.7,5.8,18,0,0,0
Marqise Lee,WR,JAC,10,15,191,19.1,12.7,30,2,0,1
Todd Gurley,RB,STL,13,21,188,14.5,9,31,2,0,0
Eddie Lacy,RB,GB,15,20,188,12.5,9.4,28,4,0,2
Blake Bell,TE,SF,14,15,186,13.3,12.4,48,3,1,0
Garrett Celek,TE,SF,11,19,186,16.9,9.8,33,2,0,3
Rashad Ross,WR,WAS,13,8,184,14.2,23,71,3,2,1
Ameer Abdullah,RB,DET,16,25,183,11.4,7.3,36,1,0,1
C.J. Anderson,RB,DEN,15,25,183,12.2,7.3,27,2,0,0
Stedman Bailey,WR,STL,8,12,182,22.8,15.2,68,3,1,1
Isaiah Crowell,RB,CLE,16,19,182,11.4,9.6,53,2,1,1
Brandon Bolden,RB,NE,15,19,180,12,9.5,63,1,1,2
Jamaal Charles,RB,KC,5,21,177,35.4,8.4,26,2,0,1
Antonio Andrews,RB,TEN,14,21,174,12.4,8.3,23,2,0,0
Virgil Green,TE,DEN,16,12,173,10.8,14.4,32,3,0,1
Jonathan Grimes,RB,HOU,14,26,173,12.4,6.7,19,0,0,1
Jerick McKinnon,RB,MIN,16,21,173,10.8,8.2,30,2,0,1
C.J. Fiedorowicz,TE,HOU,16,17,167,10.4,9.8,25,1,0,1
Kenbrell Thompkins,WR,NYJ,7,17,165,23.6,9.7,43,2,1,0
Denard Robinson,RB,JAC,13,21,164,12.6,7.8,16,0,0,0
Jaelen Strong,WR,HOU,10,14,161,16.1,11.5,42,2,1,3
Nick Williams,WR,ATL,14,17,159,11.4,9.4,29,2,0,2
Mike Tolbert,FB,CAR,16,18,154,9.6,8.6,40,1,1,3
Nick Boyle,TE,BAL,11,18,153,13.9,8.5,25,1,0,0
Bruce Ellington,WR,SF,13,13,153,11.8,11.8,44,3,1,0
Justin Forsett,RB,BAL,10,31,153,15.3,4.9,32,1,0,0
Jeremy Kerley,WR,NYJ,16,16,152,9.5,9.5,25,2,0,2
Chris Gragg,TE,BUF,13,12,150,11.5,12.5,29,1,0,0
Clay Harbor,TE,JAC,15,14,149,9.9,10.6,26,2,0,1
Andre Ellington,RB,ARI,10,15,148,14.8,9.9,32,1,0,0
Ryan Mathews,RB,PHI,13,20,146,11.2,7.3,23,2,0,1
Jaron Brown,WR,ARI,16,11,144,9,13.1,39,3,0,1
Adam Thielen,WR,MIN,16,12,144,9,12,30,1,0,0
Damien Williams,RB,MIA,16,21,142,8.9,6.8,23,2,0,1
Derek Carrier,TE,WAS,12,17,141,11.8,8.3,20,2,0,1
Aaron Dobson,WR,NE,8,13,141,17.6,10.8,24,1,0,0
De'Anthony Thomas,WR,KC,10,17,140,14,8.2,36,2,0,1
Bishop Sankey,RB,TEN,13,14,139,10.7,9.9,30,2,0,1
Le'Veon Bell,RB,PIT,6,24,136,22.7,5.7,20,2,0,0
Ty Montgomery,WR,GB,6,15,136,22.7,9.1,31,1,0,2
Bruce Miller,FB,SF,16,10,135,8.4,13.5,52,2,1,0
Andre Roberts,WR,WAS,9,11,135,15,12.3,38,1,0,0
Matt Asiata,RB,MIN,16,19,132,8.2,6.9,22,2,0,0
Donteea Dye,WR,TB,10,11,132,13.2,12,44,1,1,1
T.J. Jones,WR,DET,10,10,132,13.2,13.2,29,3,0,1
Cooper Helfet,TE,SEA,14,13,130,9.3,10,20,1,0,0
Tim Hightower,RB,NO,8,12,129,16.1,10.8,27,2,0,0
Tyler Kroft,TE,CIN,16,11,129,8.1,11.7,22,2,0,1
Keith Mumphery,WR,HOU,16,14,129,8.1,9.2,26,1,0,0
Charles Johnson,WR,MIN,11,9,127,11.5,14.1,35,3,0,0
Brandon Myers,TE,TB,11,12,127,11.5,10.6,17,0,0,0
Dion Sims,TE,MIA,13,18,127,9.8,7.1,22,1,0,1
Rhett Ellison,TE,MIN,15,11,124,8.3,11.3,41,2,1,1
Ed Dickson,TE,CAR,16,17,121,7.6,7.1,17,0,0,2
Craig Stevens,TE,TEN,16,12,121,7.6,10.1,27,3,0,2
Josh Hill,TE,NO,16,16,120,7.5,7.5,19,0,0,2
Cameron Meredith,WR,CHI,11,11,120,10.9,10.9,22,2,0,0
Jason Avant,WR,KC,16,15,119,7.4,7.9,20,1,0,0
Brenton Bersin,WR,CAR,9,9,119,13.2,13.2,30,1,0,0
Darius Jennings,WR,CLE,4,14,117,29.2,8.4,16,0,0,0
Khiry Robinson,RB,NO,8,17,115,14.4,6.8,22,1,0,0
Devin Smith,WR,NYJ,10,9,115,11.5,12.8,22,1,0,1
Devin Street,WR,DAL,15,7,114,7.6,16.3,25,1,0,1
Marlon Brown,WR,BAL,10,14,112,11.2,8,22,2,0,0
Branden Oliver,RB,SD,8,13,112,14,8.6,17,0,0,0
Jared Abbrederis,WR,GB,10,9,111,11.1,12.3,32,1,0,0
Ronnie Hillman,RB,DEN,16,24,111,6.9,4.6,14,0,0,0
Patrick DiMarco,FB,ATL,16,13,110,6.9,8.5,19,0,0,2
Dwayne Allen,TE,IND,13,16,109,8.4,6.8,21,1,0,1
Alfred Blue,RB,HOU,16,15,109,6.8,7.3,21,1,0,1
Chris Polk,RB,HOU,15,16,109,7.3,6.8,12,0,0,1
Taiwan Jones,RB,OAK,12,7,106,8.8,15.1,59,1,1,1
Justin Perillo,TE,GB,9,11,102,11.3,9.3,24,2,0,1
Brian Quick,WR,STL,13,10,102,7.8,10.2,37,1,0,0
Wes Welker,WR,STL,8,13,102,12.8,7.8,14,0,0,0
Ryan Hewitt,TE,CIN,15,8,99,6.6,12.4,22,2,0,0
Jonathan Stewart,RB,CAR,13,16,99,7.6,6.2,15,0,0,1
Chris Matthews,WR,BAL,4,9,97,24.2,10.8,21,2,0,1
Karlos Williams,RB,BUF,11,11,96,8.7,8.7,26,3,0,2
Zach Line,FB,MIN,16,6,95,5.9,15.8,49,2,1,1
Rex Burkhead,RB,CIN,16,10,94,5.9,9.4,27,2,0,1
Rashad Greene,WR,JAC,9,19,93,10.3,4.9,18,0,0,2
Jay Ajayi,RB,MIA,9,7,90,10,12.9,20,1,0,0
Tyrell Williams,WR,SD,7,2,90,12.9,45,80,1,1,1
MyCole Pruitt,TE,MIN,16,10,89,5.6,8.9,32,1,0,0
Donald Brown,RB,SD,10,8,88,8.8,11,31,2,0,0
Bradley Marquez,WR,STL,16,13,88,5.5,6.8,14,0,0,0
Tre Mason,RB,STL,13,18,88,6.8,4.9,16,0,0,0
Jeremy Ross,WR,BAL,5,9,88,17.6,9.8,18,0,0,0
Myles White,WR,NYG,12,7,88,7.3,12.6,28,2,0,1
James O'Shaughnessy,TE,KC,7,6,87,12.4,14.5,30,2,0,0
Joseph Randle,RB,DAL,6,10,86,14.3,8.6,25,1,0,0
Jamize Olawale,RB,OAK,14,9,84,6,9.3,15,0,0,0
Pierre Thomas,RB,WAS,4,9,84,21,9.3,15,0,0,0
Marlon Moore,WR,CLE,14,7,81,5.8,11.6,20,1,0,1
Deonte Thompson,WR,CHI,7,2,81,11.6,40.5,45,2,1,0
Marshawn Lynch,RB,SEA,7,13,80,11.4,6.2,19,0,0,0
Chris Owusu,WR,NYJ,3,6,80,26.7,13.3,43,2,1,0
James Hanna,TE,DAL,14,9,79,5.6,8.8,17,0,0,0
Jeremy Hill,RB,CIN,16,15,79,4.9,5.3,14,0,0,1
Jeff Janis,WR,GB,16,2,79,4.9,39.5,46,2,1,0
Jeff Cumberland,TE,NYJ,15,5,77,5.1,15.4,44,1,1,0
Timothy Wright,TE,DET,9,9,77,8.6,8.6,26,1,0,2
Corey Fuller,WR,DET,12,4,76,6.3,19,48,1,1,0
Thomas Rawls,RB,SEA,13,9,76,5.8,8.4,31,1,0,1
Roy Helu,RB,OAK,9,9,75,8.3,8.3,15,0,0,1
Demetrius Harris,TE,KC,16,7,74,4.6,10.6,25,1,0,1
Terron Ward,RB,ATL,13,9,73,5.6,8.1,18,0,0,0
Andre Caldwell,WR,DEN,14,10,72,5.1,7.2,24,1,0,2
Jack Doyle,TE,IND,16,12,72,4.5,6,19,0,0,1
Lee Smith,TE,OAK,15,12,70,4.7,5.8,17,0,0,1
Kendall Gaskins,RB,SF,9,8,69,7.7,8.6,16,0,0,0
Ricardo Lockette,WR,SEA,8,4,69,8.6,17.3,40,2,1,1
John Phillips,TE,SD,16,10,69,4.3,6.9,15,0,0,1
Brandon Pettigrew,TE,DET,8,7,67,8.4,9.6,21,1,0,1
Zac Stacy,RB,NYJ,8,9,65,8.1,7.2,16,0,0,0
Ahmad Bradshaw,RB,IND,6,10,64,10.7,6.4,10,0,0,3
Daniel Brown,WR,BAL,6,6,64,10.7,10.7,31,1,0,0
Gavin Escobar,TE,DAL,14,8,64,4.6,8,22,1,0,1
Fozzy Whittaker,RB,CAR,15,12,64,4.3,5.3,15,0,0,0
Jim Dray,TE,CLE,16,6,61,3.8,10.2,18,0,0,0
Luke Stocker,TE,TB,14,9,61,4.4,6.8,14,0,0,1
Daniel Fells,TE,NYG,2,6,60,30,10,23,1,0,0
Jerome Cunningham,TE,NYG,9,8,59,6.6,7.4,16,0,0,0
Cody Latimer,WR,DEN,14,6,59,4.2,9.8,15,0,0,1
Brandon Tate,WR,CIN,16,2,59,3.7,29.5,55,1,1,1
Cameron Artis-Payne,RB,CAR,7,5,58,8.3,11.6,20,1,0,0
Marcus Easley,WR,BUF,13,1,58,4.5,58,58,1,1,1
Chris Johnson,RB,ARI,11,6,58,5.3,9.7,40,1,1,0
Tony Moeaki,TE,ATL,11,3,58,5.3,19.3,42,1,1,1
Zurlon Tipton,RB,IND,10,5,57,5.7,11.4,27,1,0,0
Tommy Bohanon,FB,NYJ,16,4,56,3.5,14,23,1,0,0
Jesse James,TE,PIT,8,8,56,7,7,20,1,0,1
John Kuhn,FB,GB,16,6,56,3.5,9.3,19,0,0,0
Alfred Morris,RB,WAS,16,10,55,3.4,5.5,12,0,0,0
Trey Burton,TE,PHI,16,3,54,3.4,18,43,1,1,0
Hakeem Nicks,WR,NYG,6,7,54,9,7.7,19,0,0,0
Jerome Simpson,WR,SF,6,5,54,9,10.8,16,0,0,1
Dwayne Bowe,WR,CLE,7,5,53,7.6,10.6,16,0,0,0
Carlos Hyde,RB,SF,7,11,53,7.6,4.8,11,0,0,0
Juwan Thompson,RB,DEN,15,6,51,3.4,8.5,16,0,0,0
Jake Stoneburner,TE,MIA,11,5,47,4.3,9.4,13,0,0,2
Anthony Dixon,RB,BUF,16,6,44,2.8,7.3,14,0,0,0
Jalston Fowler,FB,TEN,16,5,44,2.8,8.8,19,0,0,1
Levine Toilolo,TE,ATL,16,7,44,2.8,6.3,11,0,0,0
LeGarrette Blount,RB,NE,12,6,43,3.6,7.2,14,0,0,1
Preston Parker,WR,NYG,2,5,43,21.5,8.6,15,0,0,0
Kevin Smith,WR,SEA,7,3,43,6.1,14.3,21,1,0,0
Chase Coffman,TE,TEN,1,4,42,42,10.5,16,0,0,0
Terrelle Pryor,WR,CLE,3,1,42,14,42,42,1,1,0
Marcus Mariota,QB,TEN,12,1,41,3.4,41,41,1,1,1
Greg Salas,WR,BUF,2,3,41,20.5,13.7,20,1,0,0
Paul Richardson,WR,SEA,1,1,40,40,40,40,1,1,0
Michael Burton,FB,DET,16,6,39,2.4,6.5,12,0,0,1
Akeem Hunt,RB,HOU,7,6,39,5.6,6.5,27,1,0,0
Mike Davis,RB,SF,6,7,38,6.3,5.4,11,0,0,0
Nick O'Leary,TE,BUF,4,1,37,9.2,37,37,1,0,0
Tom Brady,QB,NE,16,1,36,2.2,36,36,1,0,0
Michael Campanaro,WR,BAL,4,5,35,8.8,7,11,0,0,0
Anthony Sherman,FB,KC,16,4,34,2.1,8.5,18,0,0,0
Troy Niklas,TE,ARI,16,4,33,2.1,8.3,13,0,0,2
Josh Robinson,RB,IND,5,6,33,6.6,5.5,9,0,0,0
Phillip Supernaw,TE,TEN,16,3,32,2,10.7,16,0,0,0
Orleans Darkwa,RB,NYG,16,3,31,1.9,10.3,15,0,0,0
Jake Fisher,T,CIN,14,1,31,2.2,31,31,1,0,0
Andrew Quarless,TE,GB,5,4,31,6.2,7.8,13,0,0,0
Garrett Graham,TE,HOU,8,4,30,3.8,7.5,9,0,0,1
Austin Johnson,FB,NO,10,5,30,3,6,12,0,0,0
Mike Gillislee,RB,BUF,5,6,29,5.8,4.8,14,0,0,0
Lorenzo Taliaferro,RB,BAL,3,5,29,9.7,5.8,11,0,0,0
Russell Shepard,WR,TB,13,3,28,2.2,9.3,18,0,0,1
Jarryd Hayne,RB,SF,8,6,27,3.4,4.5,7,0,0,0
Cory Harkey,TE,STL,16,5,26,1.6,5.2,12,0,0,0
Michael Williams,TE,NE,15,3,26,1.7,8.7,15,0,0,0
Andrew Turzilli,WR,TEN,3,2,25,8.3,12.5,18,0,0,0
Knile Davis,RB,KC,14,2,24,1.7,12,12,0,0,0
Marquise Goodwin,WR,BUF,2,2,24,12,12,14,0,0,0
T.J. Graham,WR,NO,4,4,24,6,6,18,0,0,0
Toby Gerhart,RB,JAC,7,3,23,3.3,7.7,8,0,0,0
Kenjon Barner,RB,PHI,10,9,22,2.2,2.4,12,0,0,0
Vincent Brown,WR,SD,1,1,22,22,22,22,1,0,0
Matt LaCosse,TE,NYG,2,3,22,11,7.3,10,0,0,0
Darrel Young,FB,WAS,16,6,22,1.4,3.7,8,0,0,0
Geremy Davis,WR,NYG,10,2,21,2.1,10.5,16,0,0,0
Cody Davis,DB,STL,16,1,20,1.2,20,20,1,0,0
Dan Herron,RB,BUF,4,3,20,5,6.7,9,0,0,0
Steven Jackson,RB,NE,2,1,20,10,20,20,1,0,0
Tyson Alualu,DT,JAC,16,2,19,1.2,9.5,16,0,0,0
Reggie Bush,RB,SF,5,4,19,3.8,4.8,8,0,0,0
Ka'Deem Carey,RB,CHI,11,3,19,1.7,6.3,11,0,0,1
Kellen Davis,TE,NYJ,16,3,18,1.1,6,9,0,0,1
Aaron Ripkowski,FB,GB,15,1,18,1.2,18,18,0,0,0
Tyler Varga,FB,IND,3,1,18,6,18,18,0,0,0
Darren Waller,WR,BAL,6,2,18,3,9,17,0,0,0
DeAndrew White,WR,SF,4,2,18,4.5,9,10,0,0,0
Will Johnson,FB,PIT,16,2,16,1,8,11,0,0,0
Tyler Murphy,WR,PIT,2,1,16,8,16,16,0,0,0
Roosevelt Nix-Jones,FB,PIT,15,2,16,1.1,8,10,0,0,0
Bobby Rainey,RB,TB,16,3,16,1,5.3,8,0,0,0
Lucky Whitehead,WR,DAL,15,6,16,1.1,2.7,8,0,0,0
Kerwynn Williams,RB,ARI,6,2,16,2.7,8,12,0,0,0
Mario Alford,WR,CIN,1,1,15,15,15,15,0,0,0
Malcolm Johnson,FB,CLE,12,4,15,1.2,3.8,8,0,0,0
Tevin Coleman,RB,ATL,12,2,14,1.2,7,10,0,0,0
Chandler Worthy,WR,HOU,3,3,14,4.7,4.7,12,0,0,0
Corey Grant,RB,JAC,6,2,13,2.2,6.5,8,0,0,0
Jorvorskie Lane,FB,TB,16,2,13,0.8,6.5,8,0,0,0
Jerome Felton,FB,BUF,16,1,12,0.8,12,12,0,0,0
Sammie Coates,WR,PIT,6,1,11,1.8,11,11,0,0,0
Jonathan Krause,WR,PHI,2,2,11,5.5,5.5,7,0,0,0
Eric Weems,WR,ATL,16,1,11,0.7,11,11,0,0,0
Zach Zenner,FB,DET,6,2,11,1.8,5.5,7,0,0,0
Mike Iupati,G,ARI,13,1,10,0.8,10,10,0,0,0
Cordarrelle Patterson,WR,MIN,16,2,10,0.6,5,9,0,0,0
Jacquizz Rodgers,RB,CHI,5,1,10,2,10,10,0,0,0
Scott Simonson,TE,CAR,9,1,10,1.1,10,10,0,0,0
Matt Spaeth,TE,PIT,13,2,10,0.8,5,6,0,0,0
Ben Edwards,WR,NYG,2,1,9,4.5,9,9,0,0,0
Ryan Tannehill,QB,MIA,16,1,9,0.6,9,9,0,0,0
Tre McBride,WR,TEN,7,2,8,1.1,4,7,0,0,1
Rod Streater,WR,OAK,1,1,8,8,8,8,0,0,0
Robert Turbin,RB,CLE,3,2,8,2.7,4,7,0,0,0
Kasen Williams,WR,SEA,2,1,8,4,8,8,0,0,0
E.J. Bibbs,TE,CLE,7,1,7,1,7,7,0,0,0
Kendall Lamm,T,HOU,15,1,7,0.5,7,7,0,0,0
Khari Lee,TE,CHI,16,1,7,0.4,7,7,0,0,0
Bernard Pierce,RB,JAC,7,3,7,1,2.3,6,0,0,0
Will Tukuafu,FB,SEA,14,1,7,0.5,7,7,0,0,1
Andre Williams,RB,NYG,16,1,7,0.4,7,7,0,0,0
Chris Harper,WR,NE,5,1,6,1.2,6,6,0,0,0
Rob Housler,TE,CLE,6,1,6,1,6,6,0,0,0
Nic Jacobs,TE,JAC,11,1,6,0.5,6,6,0,0,0
Brian Parker,TE,KC,9,1,6,0.7,6,6,0,0,0
Rod Smith,RB,DAL,10,1,6,0.6,6,6,0,0,0
Brittan Golden,WR,ARI,14,1,5,0.4,5,5,0,0,0
Spencer Ware,RB,KC,11,6,5,0.5,0.8,5,0,0,0
Seyi Ajirotutu,WR,PHI,13,1,4,0.3,4,4,0,0,0
Tyler Clutts,FB,DAL,16,1,4,0.2,4,4,0,0,0
Jonas Gray,RB,JAC,2,1,4,2,4,4,0,0,0
David Johnson,TE,SD,16,1,4,0.2,4,4,0,0,0
Brian Leonhardt,TE,SF,4,1,4,1,4,4,0,0,0
Tyrod Taylor,QB,BUF,14,1,4,0.3,4,4,0,0,0
Stepfan Taylor,RB,ARI,16,1,4,0.2,4,4,0,0,0
C.J. Uzomah,TE,CIN,5,1,4,0.8,4,4,0,0,0
Donald Penn,T,OAK,16,1,3,0.2,3,3,0,0,0
Travaris Cadet,RB,NE,1,1,2,2,2,2,0,0,0
MarQueis Gray,TE,BUF,4,1,2,0.5,2,2,0,0,0
Terrence Magee,RB,BAL,4,1,2,0.5,2,2,0,0,0
Christine Michael,RB,DAL,5,1,2,0.4,2,2,0,0,0
Matthew Mulligan,TE,BUF,12,1,2,0.2,2,2,0,0,0
Asante Cleveland,TE,NE,4,1,1,0.2,1,1,0,0,0
Shaun Draughn,RB,CLE,5,2,1,0.2,0.5,2,0,0,0
Derrick Coleman,FB,SEA,14,1,0,0,0,0,0,0,0
Geoff Swaim,TE,DAL,4,1,0,0,0,0,0,0,0
Malcolm Brown,RB,STL,1,1,-2,-2,-2,-2,0,0,0
David Cobb,RB,TEN,7,1,-2,-0.3,-2,-2,0,0,0
Stevan Ridley,RB,NYJ,8,4,-2,-0.2,-0.5,3,0,0,0
Wesley Johnson,C,NYJ,10,1,-5,-0.5,-5,-5,0,0,0
Matthew Stafford,QB,DET,16,1,-6,-0.4,-6,-6,0,0,0
Cierre Wood,RB,BUF,2,1,-6,-3,-6,-6,0,0,0
Ereck Flowers,T,NYG,15,1,-11,-0.7,-11,-11,0,0,0
